{"stats":{"minecraft:picked_up":{"minecraft:dirt":4},"minecraft:custom":{"minecraft:jump":4,"minecraft:time_since_rest":8054,"minecraft:leave_game":2,"minecraft:play_time":8054,"minecraft:sprint_one_cm":25,"minecraft:time_since_death":8054,"minecraft:walk_one_cm":1892,"minecraft:sneak_time":271,"minecraft:total_world_time":8054,"minecraft:fly_one_cm":114666},"minecraft:mined":{"minecraft:grass":1,"minecraft:grass_block":2,"minecraft:dirt":2},"minecraft:used":{"minecraft:dirt":4,"minecraft:spruce_log":6}},"DataVersion":3465}