{"stats":{"minecraft:picked_up":{"minecraft:dirt":4},"minecraft:custom":{"minecraft:jump":6,"minecraft:open_chest":1,"minecraft:time_since_rest":11734,"minecraft:leave_game":3,"minecraft:play_time":11734,"minecraft:sprint_one_cm":345,"minecraft:time_since_death":11734,"minecraft:walk_one_cm":2020,"minecraft:sneak_time":273,"minecraft:total_world_time":11734,"minecraft:fly_one_cm":124091},"minecraft:mined":{"minecraft:grass":1,"minecraft:grass_block":2,"minecraft:dirt":2},"minecraft:used":{"minecraft:dirt":4,"minecraft:spruce_log":6}},"DataVersion":3465}