{"stats":{"minecraft:picked_up":{"minecraft:dirt":4},"minecraft:custom":{"minecraft:jump":4,"minecraft:time_since_rest":6971,"minecraft:leave_game":1,"minecraft:sprint_one_cm":25,"minecraft:play_time":6971,"minecraft:time_since_death":6971,"minecraft:walk_one_cm":1892,"minecraft:sneak_time":259,"minecraft:total_world_time":6971,"minecraft:fly_one_cm":99737},"minecraft:mined":{"minecraft:grass":1,"minecraft:grass_block":2,"minecraft:dirt":2},"minecraft:used":{"minecraft:dirt":4,"minecraft:spruce_log":6}},"DataVersion":3465}