{
  "minecraft:recipes/building_blocks/spruce_planks": {
    "criteria": {
      "has_logs": "2024-11-19 23:16:14 +0000"
    },
    "done": true
  },
  "minecraft:recipes/misc/charcoal": {
    "criteria": {
      "has_log": "2024-11-19 23:16:14 +0000"
    },
    "done": true
  },
  "minecraft:recipes/decorations/crafting_table": {
    "criteria": {
      "unlock_right_away": "2024-11-19 23:11:03 +0000"
    },
    "done": true
  },
  "minecraft:recipes/building_blocks/spruce_wood": {
    "criteria": {
      "has_log": "2024-11-19 23:16:14 +0000"
    },
    "done": true
  },
  "minecraft:adventure/adventuring_time": {
    "criteria": {
      "minecraft:taiga": "2024-11-19 23:14:19 +0000",
      "minecraft:snowy_plains": "2024-11-19 23:11:04 +0000",
      "minecraft:snowy_taiga": "2024-11-19 23:14:18 +0000",
      "minecraft:old_growth_spruce_taiga": "2024-11-19 23:14:29 +0000"
    },
    "done": false
  },
  "DataVersion": 3465
}